Left Sensor Time,Left Hip,Left Knee,Right Sensor Time,Right Hip,Right Knee
3.0,66.57,73.92,3.0,0,0
36654.0,65.76,75.13,36654.0,66.49,73.92
36671.0,65.76,75.13,36671.0,66.57,0.0
15.0,65.76,75.22,15.0,66.49,73.92
32.0,65.69,75.13,32.0,66.57,74.01
48.0,65.76,75.22,48.0,66.49,73.92
65.0,65.76,75.22,65.0,66.49,73.92
81.0,65.76,75.22,81.0,66.49,73.92
97.0,65.76,75.13,97.0,66.49,73.92
114.0,65.76,75.22,114.0,66.57,73.92
130.0,65.76,75.22,130.0,66.57,73.92
148.0,65.76,75.13,148.0,66.49,73.92
164.0,65.76,75.22,164.0,66.49,73.92
180.0,65.76,75.13,180.0,66.57,73.92
197.0,65.76,75.22,197.0,66.57,73.92
213.0,65.76,75.22,213.0,66.49,73.92
229.0,65.76,75.13,229.0,66.49,73.92
246.0,65.69,75.13,246.0,66.49,73.92
263.0,65.69,75.13,263.0,66.49,73.92
280.0,65.76,75.13,280.0,66.49,73.92
296.0,65.76,75.13,296.0,66.57,73.92
312.0,65.69,75.22,312.0,66.57,73.92
329.0,65.76,75.13,329.0,66.49,73.92
345.0,65.76,75.22,345.0,66.49,73.92
362.0,65.69,75.22,362.0,66.49,73.92
379.0,65.69,75.22,379.0,66.49,73.92
395.0,65.76,75.13,395.0,66.57,73.92
412.0,65.69,75.13,412.0,66.57,73.92
428.0,65.76,75.13,428.0,66.49,73.92
445.0,65.76,75.13,445.0,66.49,73.92
461.0,65.69,75.13,461.0,66.49,73.92
477.0,65.76,75.22,477.0,66.49,73.92
495.0,65.69,75.22,495.0,66.49,73.92
511.0,65.76,75.22,511.0,66.49,73.92
527.0,65.69,75.22,527.0,66.49,73.92
544.0,65.69,75.13,544.0,66.49,73.92
560.0,65.76,75.22,560.0,66.42,73.92
577.0,65.69,75.13,577.0,66.49,73.92
593.0,65.76,75.22,593.0,66.49,73.92
610.0,65.76,75.22,610.0,66.49,73.92
627.0,65.76,75.22,627.0,66.49,73.92
643.0,65.76,75.22,643.0,66.49,74.01
660.0,65.76,75.13,660.0,66.49,73.92
676.0,65.76,75.22,676.0,66.49,73.92
692.0,65.69,75.22,692.0,66.49,73.92
709.0,65.69,75.22,709.0,66.49,73.92
726.0,65.69,75.22,726.0,66.42,73.92
742.0,65.76,75.22,742.0,66.49,73.92
759.0,65.69,75.22,759.0,66.49,73.92
775.0,65.69,75.13,775.0,66.49,73.92
792.0,65.76,75.22,792.0,66.35,73.92
808.0,65.69,75.13,808.0,66.49,73.92
825.0,65.76,75.22,825.0,66.42,73.83
842.0,65.76,75.13,842.0,66.42,73.92
858.0,65.76,75.13,858.0,66.42,73.92
875.0,65.69,75.13,875.0,66.49,73.92
891.0,65.76,75.22,891.0,66.42,73.92
907.0,65.76,75.13,907.0,66.49,73.92
924.0,65.76,75.13,924.0,66.42,73.92
941.0,65.76,75.13,941.0,66.49,73.92
958.0,65.69,75.22,958.0,66.49,73.92
974.0,65.76,75.22,974.0,66.49,73.92
990.0,65.76,75.22,990.0,66.49,73.92
1007.0,65.76,75.13,1007.0,66.49,73.92
1023.0,65.76,75.13,1023.0,66.42,73.92
1039.0,65.76,75.13,1039.0,66.49,73.92
1057.0,65.76,75.22,1057.0,66.49,73.92
1073.0,65.69,75.13,1073.0,66.49,73.92
1090.0,65.76,75.13,1090.0,66.42,73.92
1106.0,65.76,75.13,1106.0,66.49,73.92
1122.0,65.69,75.22,1122.0,66.42,73.92
1140.0,65.76,75.22,1140.0,66.49,73.92
1156.0,65.76,75.22,1156.0,66.49,73.92
1173.0,65.69,75.22,1173.0,66.49,73.92
1189.0,65.76,75.22,1189.0,66.42,73.92
1205.0,65.76,75.22,1205.0,66.42,73.92
1223.0,65.76,75.13,1223.0,66.49,73.92
1239.0,65.76,75.13,1239.0,66.49,73.92
1256.0,65.76,75.13,1256.0,66.42,73.92
1272.0,65.76,75.13,1272.0,66.42,73.92
1288.0,65.76,75.22,1288.0,66.57,73.92
1306.0,65.83,75.22,1306.0,66.42,73.92
1322.0,65.83,75.22,1322.0,66.49,73.92
1338.0,65.83,75.22,1338.0,66.49,73.92
1355.0,65.83,75.32,1355.0,66.49,73.92
1371.0,65.83,75.32,1371.0,66.49,73.92
1388.0,65.83,75.42,1388.0,66.42,73.92
1405.0,65.83,75.42,1405.0,66.49,73.92
1421.0,65.83,75.42,1421.0,66.49,73.92
1438.0,65.91,75.42,1438.0,66.42,73.83
1454.0,65.98,75.51,1454.0,66.49,73.83
1471.0,66.05,75.42,1471.0,66.49,73.83
1488.0,65.98,75.42,1488.0,66.42,73.83
1504.0,65.91,75.42,1504.0,66.42,73.74
1521.0,65.76,75.42,1521.0,66.42,73.83
1537.0,65.76,75.51,1537.0,66.35,73.83
1553.0,65.83,75.51,1553.0,66.27,73.92
1571.0,65.83,75.51,1571.0,66.35,73.83
1587.0,65.91,75.51,1587.0,66.35,73.83
1604.0,65.91,75.51,1604.0,66.2,73.92
1620.0,65.98,75.51,1620.0,66.27,73.92
1636.0,66.2,75.42,1636.0,66.27,73.92
1653.0,66.2,75.51,1653.0,66.27,73.92
1670.0,66.35,75.42,1670.0,66.27,73.92
1687.0,66.2,75.42,1687.0,66.27,73.92
1703.0,65.98,75.32,1703.0,66.57,73.83
1719.0,65.91,75.32,1719.0,66.49,73.83
1736.0,65.91,75.22,1736.0,66.49,73.83
1753.0,65.83,75.22,1753.0,66.72,73.83
1770.0,65.83,75.22,1770.0,66.72,73.83
1786.0,65.91,75.22,1786.0,66.64,73.74
1802.0,65.91,75.22,1802.0,66.64,73.74
1819.0,65.76,75.13,1819.0,66.72,73.64
1836.0,65.69,75.04,1836.0,66.94,73.64
1853.0,65.76,75.04,1853.0,66.87,73.64
1869.0,65.76,75.04,1869.0,66.94,73.64
1885.0,65.54,75.04,1885.0,66.94,73.64
1902.0,65.69,75.13,1902.0,66.94,73.64
1919.0,65.47,75.04,1919.0,66.79,73.64
1935.0,65.54,75.04,1935.0,66.72,73.64
1952.0,65.47,75.04,1952.0,66.49,73.64
1968.0,65.47,75.13,1968.0,66.27,73.64
1985.0,65.33,75.04,1985.0,65.91,73.74
2001.0,65.26,75.04,2001.0,65.76,73.74
2018.0,65.11,75.04,2018.0,65.69,73.64
2035.0,64.9,75.04,2035.0,65.76,73.55
2051.0,64.83,74.94,2051.0,65.76,73.46
2068.0,65.04,74.94,2068.0,65.69,73.46
2084.0,65.4,74.75,2084.0,65.83,73.37
2101.0,65.47,74.57,2101.0,65.98,73.46
2118.0,65.47,74.57,2118.0,65.91,73.28
2134.0,65.54,74.66,2134.0,65.83,73.37
2150.0,65.54,74.66,2150.0,65.91,73.46
2167.0,65.54,74.66,2167.0,66.05,73.46
2184.0,65.61,74.66,2184.0,65.98,73.28
2201.0,65.98,74.75,2201.0,65.76,73.1
2217.0,65.91,74.57,2217.0,65.69,73.01
2233.0,66.12,74.57,2233.0,65.76,72.92
2250.0,66.05,74.57,2250.0,65.76,72.92
2266.0,66.35,74.57,2266.0,65.76,73.01
2284.0,66.57,74.57,2284.0,65.91,73.01
2300.0,66.57,74.66,2300.0,65.83,73.1
2316.0,66.49,74.66,2316.0,65.83,73.1
2333.0,66.49,74.85,2333.0,65.91,73.19
2349.0,66.49,74.85,2349.0,65.98,73.19
2367.0,66.35,74.85,2367.0,66.27,73.19
2383.0,66.35,74.85,2383.0,65.98,73.19
2399.0,66.27,74.75,2399.0,65.83,73.19
2416.0,66.2,74.75,2416.0,65.69,73.19
2432.0,66.2,74.66,2432.0,65.69,73.19
2448.0,66.05,74.66,2448.0,65.91,73.1
2466.0,65.91,74.57,2466.0,66.12,73.01
2482.0,65.83,74.66,2482.0,66.05,72.92
2499.0,65.83,74.66,2499.0,66.12,72.92
2515.0,65.91,74.75,2515.0,65.83,72.83
2531.0,65.83,74.75,2531.0,65.91,72.92
2549.0,65.91,74.75,2549.0,66.05,72.83
2565.0,65.83,74.75,2565.0,66.12,72.92
2582.0,65.83,74.75,2582.0,66.05,72.75
2598.0,65.83,74.75,2598.0,65.98,72.75
2614.0,65.76,74.75,2614.0,66.05,72.75
2632.0,65.69,74.75,2632.0,66.12,72.75
2648.0,65.47,74.85,2648.0,66.05,72.75
2665.0,65.33,74.85,2665.0,66.05,72.75
2681.0,65.26,74.75,2681.0,66.05,72.75
2697.0,65.33,74.75,2697.0,65.91,72.83
2715.0,65.47,74.75,2715.0,65.91,72.83
2731.0,65.47,74.75,2731.0,65.91,72.92
2747.0,65.47,74.75,2747.0,65.91,72.92
2764.0,65.4,74.75,2764.0,65.98,72.83
2780.0,65.47,74.75,2780.0,66.05,72.92
2797.0,65.47,74.66,2797.0,66.12,72.92
2814.0,65.54,74.66,2814.0,66.12,73.01
2830.0,65.54,74.75,2830.0,66.12,72.92
2847.0,65.61,74.66,2847.0,66.27,72.92
2863.0,65.47,74.66,2863.0,66.27,72.92
2880.0,65.47,74.66,2880.0,66.27,73.01
2897.0,65.47,74.57,2897.0,66.27,72.92
2913.0,65.4,74.57,2913.0,66.27,72.92
2930.0,65.4,74.57,2930.0,66.27,72.92
2946.0,65.61,74.66,2946.0,66.27,72.92
2963.0,65.76,74.66,2963.0,66.27,72.92
2979.0,66.05,74.66,2979.0,66.27,72.92
2996.0,66.2,74.66,2996.0,66.27,72.92
3013.0,66.42,74.66,3013.0,66.27,72.92
3029.0,66.64,74.66,3029.0,66.27,72.92
3045.0,66.94,74.66,3045.0,66.27,72.92
3062.0,67.17,74.75,3062.0,66.35,72.92
3079.0,67.4,74.75,3079.0,66.35,72.83
3096.0,67.7,74.75,3096.0,66.27,72.83
3112.0,68.09,74.75,3112.0,66.35,72.92
3128.0,68.64,74.75,3128.0,66.27,72.83
3145.0,69.04,74.75,3145.0,66.27,72.83
3162.0,69.52,74.75,3162.0,66.35,72.83
3179.0,69.93,74.75,3179.0,66.27,72.83
3195.0,70.42,74.75,3195.0,66.35,72.83
3211.0,70.93,74.85,3211.0,66.35,72.83
3228.0,71.44,74.85,3228.0,66.35,72.83
3244.0,72.13,74.85,3244.0,66.27,72.83
3262.0,72.66,74.85,3262.0,66.42,72.83
3278.0,73.28,74.85,3278.0,66.35,72.83
3294.0,73.64,74.85,3294.0,66.35,72.83
3311.0,73.92,74.85,3311.0,66.35,72.83
3327.0,73.92,74.75,3327.0,66.35,72.83
3344.0,73.83,74.85,3344.0,66.35,72.83
3361.0,73.28,74.75,3361.0,66.35,72.83
3377.0,72.75,74.75,3377.0,66.35,72.83
3394.0,71.87,74.75,3394.0,66.35,72.83
3410.0,70.93,74.66,3410.0,66.35,72.83
3427.0,69.44,74.66,3427.0,66.27,72.83
3444.0,68.25,74.66,3444.0,66.35,72.83
3460.0,67.32,74.75,3460.0,66.27,72.83
3477.0,66.27,74.75,3477.0,66.2,72.83
3493.0,65.91,74.66,3493.0,66.27,72.83
3510.0,65.91,74.66,3510.0,66.27,72.75
3527.0,66.2,74.66,3527.0,66.27,72.75
3543.0,67.17,74.75,3543.0,66.27,72.83
3560.0,68.4,74.75,3560.0,66.27,72.75
3576.0,69.93,74.75,3576.0,66.27,72.83
3592.0,71.27,74.75,3592.0,66.35,72.83
3610.0,72.66,74.85,3610.0,66.42,72.83
3626.0,73.55,74.85,3626.0,66.42,72.83
3642.0,74.19,74.85,3642.0,66.42,72.83
3659.0,74.75,74.75,3659.0,66.35,72.83
3675.0,75.13,74.75,3675.0,66.35,72.83
3693.0,75.32,74.75,3693.0,66.42,72.83
3709.0,75.22,74.85,3709.0,66.35,72.83
3725.0,74.66,74.75,3725.0,66.42,72.83
3742.0,74.01,74.75,3742.0,66.35,72.75
3758.0,73.1,74.75,3758.0,66.35,72.83
3776.0,71.52,74.66,3776.0,66.27,72.83
3792.0,70.09,74.66,3792.0,66.35,72.83
3808.0,68.88,74.75,3808.0,66.35,72.83
3825.0,67.93,74.75,3825.0,66.27,72.75
3841.0,67.09,74.75,3841.0,66.27,72.75
3859.0,66.79,74.66,3859.0,66.35,72.75
3875.0,66.57,74.75,3875.0,66.27,72.75
3891.0,66.64,74.66,3891.0,66.27,72.75
3908.0,66.72,74.66,3908.0,66.27,72.75
3924.0,67.02,74.57,3924.0,66.27,72.75
3940.0,67.55,74.66,3940.0,66.27,72.75
3958.0,68.64,74.57,3958.0,66.27,72.75
3974.0,69.85,74.66,3974.0,66.27,72.75
3991.0,71.18,74.66,3991.0,66.27,72.75
4007.0,72.75,74.75,4007.0,66.35,72.75
4024.0,74.01,74.66,4024.0,66.27,72.75
4041.0,74.94,74.66,4041.0,66.35,72.75
4057.0,75.7,74.66,4057.0,66.35,72.75
4074.0,76.19,74.66,4074.0,66.35,72.75
4090.0,76.28,74.75,4090.0,66.27,72.75
4106.0,75.99,74.66,4106.0,66.42,72.75
4124.0,75.7,74.75,4124.0,66.42,72.75
4140.0,74.94,74.66,4140.0,66.49,72.75
4157.0,74.01,74.75,4157.0,66.35,72.75
4173.0,72.83,74.66,4173.0,66.42,72.75
4189.0,71.18,74.66,4189.0,66.35,72.75
4207.0,69.93,74.75,4207.0,66.35,72.75
4223.0,68.8,74.75,4223.0,66.35,72.66
4239.0,67.86,74.75,4239.0,66.35,72.75
4256.0,67.02,74.85,4256.0,66.35,72.75
4272.0,66.72,74.94,4272.0,66.27,72.75
4290.0,66.87,74.85,4290.0,66.27,72.75
4306.0,67.55,74.94,4306.0,66.27,72.66
4322.0,68.48,74.94,4322.0,66.27,72.66
4339.0,69.6,74.94,4339.0,66.35,72.66
4355.0,71.01,74.85,4355.0,66.35,72.66
4373.0,72.66,74.85,4373.0,66.35,72.75
4389.0,74.01,74.85,4389.0,66.27,72.75
4405.0,75.22,74.85,4405.0,66.27,72.75
4422.0,76.19,74.75,4422.0,66.35,72.75
4438.0,76.78,74.85,4438.0,66.35,72.75
4456.0,77.07,74.85,4456.0,66.42,72.75
4472.0,76.88,74.75,4472.0,66.35,72.75
4488.0,76.19,74.75,4488.0,66.42,72.75
4505.0,75.51,74.75,4505.0,66.35,72.75
4521.0,74.47,74.75,4521.0,66.42,72.75
4538.0,73.01,74.85,4538.0,66.35,72.75
4555.0,71.52,74.85,4555.0,66.35,72.75
4571.0,70.17,74.85,4571.0,66.35,72.75
4588.0,68.8,74.85,4588.0,66.27,72.75
4604.0,67.55,74.85,4604.0,66.27,72.75
4621.0,66.94,74.85,4621.0,66.27,72.75
4638.0,66.64,74.85,4638.0,66.2,72.75
4654.0,66.57,74.75,4654.0,66.2,72.75
4671.0,67.02,74.75,4671.0,66.27,72.75
4687.0,67.93,74.75,4687.0,66.27,72.75
4704.0,69.44,74.85,4704.0,66.2,72.75
4721.0,71.52,74.75,4721.0,66.27,72.75
4737.0,73.28,74.85,4737.0,66.2,72.75
4753.0,74.75,74.85,4753.0,66.27,72.75
4770.0,76.38,74.75,4770.0,66.27,72.75
4787.0,77.07,74.75,4787.0,66.27,72.75
4804.0,77.37,74.75,4804.0,66.35,72.75
4820.0,77.37,74.75,4820.0,66.27,72.75
4836.0,76.78,74.75,4836.0,66.27,72.75
4853.0,75.99,74.75,4853.0,66.42,72.75
4870.0,75.13,74.75,4870.0,66.42,72.75
4887.0,73.92,74.75,4887.0,66.35,72.75
4903.0,72.22,74.75,4903.0,66.27,72.75
4919.0,70.76,74.75,4919.0,66.2,72.75
4936.0,69.36,74.85,4936.0,66.05,72.75
4953.0,68.09,74.85,4953.0,66.12,72.75
4970.0,67.32,74.85,4970.0,66.2,72.75
4986.0,66.87,74.75,4986.0,66.35,72.75
5002.0,66.72,74.85,5002.0,66.27,72.75
5019.0,66.94,74.75,5019.0,66.12,72.75
5036.0,67.63,74.85,5036.0,66.12,72.75
5053.0,68.64,74.85,5053.0,66.12,72.75
5069.0,70.26,74.85,5069.0,66.2,72.75
5085.0,71.87,74.85,5085.0,66.2,72.75
5102.0,73.46,74.85,5102.0,66.35,72.75
5119.0,75.04,74.85,5119.0,66.27,72.75
5135.0,76.19,74.85,5135.0,66.35,72.75
5152.0,76.88,74.94,5152.0,66.2,72.75
5168.0,77.27,74.85,5168.0,66.12,72.75
5186.0,77.17,74.85,5186.0,66.49,72.75
5202.0,76.68,74.85,5202.0,66.35,72.75
5218.0,76.09,74.85,5218.0,66.64,72.75
5235.0,75.22,74.85,5235.0,66.57,72.75
5251.0,73.83,74.85,5251.0,66.49,72.75
5269.0,72.48,74.85,5269.0,66.35,72.75
5285.0,71.01,74.85,5285.0,66.27,72.75
5301.0,69.36,74.85,5301.0,66.12,72.75
5318.0,68.48,74.85,5318.0,66.27,72.75
5334.0,67.63,74.75,5334.0,66.42,72.75
5352.0,67.17,74.85,5352.0,66.27,72.75
5368.0,66.79,74.75,5368.0,66.2,72.75
5384.0,66.64,74.75,5384.0,66.12,72.75
5401.0,66.72,74.75,5401.0,66.12,72.75
5417.0,67.4,74.75,5417.0,66.05,72.75
5434.0,68.56,74.75,5434.0,66.12,72.75
5451.0,70.09,74.75,5451.0,66.42,72.75
5467.0,71.78,74.85,5467.0,66.35,72.75
5484.0,73.92,74.75,5484.0,66.27,72.75
5500.0,75.32,74.85,5500.0,66.27,72.75
5517.0,76.38,74.85,5517.0,66.27,72.75
5534.0,76.88,74.85,5534.0,66.27,72.75
5550.0,76.88,74.75,5550.0,66.2,72.75
5567.0,76.58,74.85,5567.0,66.12,72.75
5583.0,76.09,74.85,5583.0,65.98,72.75
5600.0,75.32,74.75,5600.0,65.91,72.75
5617.0,74.38,74.75,5617.0,65.98,72.75
5633.0,73.19,74.75,5633.0,66.05,72.75
5649.0,71.52,74.75,5649.0,66.27,72.75
5666.0,70.09,74.75,5666.0,66.12,72.75
5683.0,68.88,74.75,5683.0,65.98,72.75
5700.0,67.78,74.75,5700.0,66.05,72.66
5716.0,67.17,74.75,5716.0,66.05,72.66
5732.0,66.94,74.75,5732.0,66.05,72.66
5749.0,66.79,74.75,5749.0,66.05,72.66
5765.0,66.72,74.75,5765.0,65.98,72.66
5783.0,66.79,74.75,5783.0,65.91,72.66
5799.0,67.47,74.66,5799.0,65.91,72.66
5815.0,68.48,74.75,5815.0,65.83,72.66
5832.0,70.17,74.75,5832.0,65.91,72.66
5848.0,71.78,74.85,5848.0,65.76,72.66
5866.0,73.46,74.85,5866.0,65.98,72.66
5882.0,74.85,74.85,5882.0,66.12,72.66
5898.0,76.09,74.85,5898.0,66.12,72.66
5915.0,76.48,74.85,5915.0,66.12,72.75
5931.0,76.38,74.85,5931.0,66.27,72.75
5949.0,75.9,74.85,5949.0,66.27,72.75
5965.0,75.51,74.85,5965.0,66.12,72.75
5981.0,75.13,74.75,5981.0,66.27,72.75
5998.0,74.94,74.85,5998.0,66.12,72.75
6014.0,74.1,74.85,6014.0,66.27,72.66
6031.0,73.1,74.85,6031.0,66.27,72.75
6048.0,71.78,74.85,6048.0,66.42,72.75
6064.0,69.68,74.75,6064.0,66.27,72.75
6081.0,67.93,74.85,6081.0,66.2,72.75
6097.0,66.64,74.85,6097.0,66.12,72.66
6114.0,65.91,74.85,6114.0,66.35,72.66
6131.0,65.76,74.85,6131.0,66.27,72.66
6147.0,65.76,74.85,6147.0,66.35,72.66
6164.0,66.12,74.94,6164.0,66.35,72.75
6180.0,66.35,74.94,6180.0,66.49,72.66
6197.0,66.35,74.94,6197.0,66.57,72.75
6214.0,65.98,74.85,6214.0,66.57,72.75
6230.0,65.98,74.85,6230.0,66.49,72.75
6246.0,65.98,74.94,6246.0,66.57,72.75
6263.0,66.12,74.94,6263.0,66.79,72.75
6280.0,66.2,74.94,6280.0,66.79,72.83
6297.0,66.12,74.94,6297.0,66.72,72.83
6313.0,66.12,75.04,6313.0,66.87,72.92
6329.0,66.05,75.04,6329.0,67.02,72.92
6346.0,65.98,75.04,6346.0,66.94,73.01
6362.0,65.91,75.04,6362.0,66.64,72.92
6380.0,65.91,75.04,6380.0,66.72,73.01
6396.0,65.98,75.04,6396.0,66.64,73.01
6412.0,66.05,75.04,6412.0,66.42,72.92
6429.0,66.35,75.04,6429.0,66.27,72.92
6445.0,66.27,75.04,6445.0,66.27,73.01
6463.0,66.2,75.04,6463.0,66.2,73.01
6479.0,66.2,75.04,6479.0,66.12,73.01
6495.0,66.27,75.04,6495.0,65.91,73.01
6512.0,66.27,75.13,6512.0,65.83,73.01
6528.0,66.12,75.13,6528.0,65.83,73.01
6544.0,66.2,75.13,6544.0,65.83,73.01
6562.0,66.12,75.13,6562.0,65.83,73.01
6578.0,65.98,75.04,6578.0,65.83,73.01
6595.0,65.98,75.04,6595.0,65.91,73.01
6611.0,65.91,75.04,6611.0,66.05,73.01
6627.0,65.83,75.13,6627.0,66.27,73.01
6645.0,65.76,75.04,6645.0,66.27,72.92
6661.0,65.83,75.13,6661.0,66.35,73.01
6678.0,65.91,75.04,6678.0,66.35,73.01
6694.0,65.91,75.13,6694.0,66.35,73.01
6710.0,65.98,75.04,6710.0,66.42,73.01
6727.0,66.05,75.04,6727.0,66.35,73.01
6744.0,66.12,75.13,6744.0,66.27,73.01
6761.0,66.27,75.04,6761.0,66.2,72.92
6777.0,66.42,75.13,6777.0,66.12,72.92
6793.0,66.42,75.13,6793.0,66.12,72.83
6810.0,66.49,75.04,6810.0,66.12,72.75
6827.0,66.49,75.13,6827.0,66.12,72.83
6843.0,66.64,75.13,6843.0,66.12,72.83
6860.0,66.72,75.04,6860.0,65.91,72.75
6876.0,66.79,75.13,6876.0,65.83,72.66
6893.0,66.87,75.13,6893.0,65.83,72.66
6910.0,66.94,75.13,6910.0,65.83,72.75
6926.0,66.94,75.13,6926.0,65.83,72.75
6943.0,67.02,74.94,6943.0,65.83,72.75
6959.0,66.94,74.94,6959.0,65.91,72.75
6976.0,66.79,74.94,6976.0,66.12,72.83
6993.0,66.72,74.94,6993.0,66.12,72.75
7009.0,66.64,74.94,7009.0,66.2,72.75
7026.0,66.72,74.94,7026.0,66.2,72.75
7042.0,66.79,74.94,7042.0,66.2,72.66
7059.0,66.79,74.94,7059.0,66.2,72.66
7076.0,66.94,74.94,7076.0,66.2,72.66
7092.0,66.87,74.85,7092.0,66.2,72.66
7109.0,66.87,74.85,7109.0,66.27,72.66
7125.0,66.94,74.85,7125.0,66.27,72.66
7141.0,66.87,74.94,7141.0,66.12,72.66
7158.0,66.79,75.22,7158.0,66.35,72.75
7175.0,66.79,75.13,7175.0,66.42,72.66
7192.0,66.64,75.22,7192.0,66.35,72.75
7208.0,66.64,75.13,7208.0,66.42,72.75
7224.0,66.64,75.32,7224.0,66.27,72.66
7241.0,66.72,75.22,7241.0,66.27,72.66
7258.0,66.79,75.13,7258.0,66.27,72.66
7275.0,66.79,75.13,7275.0,66.27,72.66
7291.0,66.79,75.04,7291.0,66.27,72.66
7307.0,66.87,74.94,7307.0,66.35,72.66
7324.0,66.94,75.04,7324.0,66.27,72.66
7341.0,66.87,75.04,7341.0,66.35,72.66
7358.0,66.87,75.04,7358.0,66.27,72.75
7374.0,66.94,75.04,7374.0,66.27,72.75
7390.0,66.87,75.04,7390.0,66.2,72.75
7407.0,66.87,74.94,7407.0,66.12,72.75
7424.0,66.87,75.04,7424.0,66.12,72.75
7440.0,66.87,74.94,7440.0,66.2,72.75
7457.0,66.87,75.04,7457.0,66.27,72.75
7473.0,66.79,74.94,7473.0,66.2,72.83
7490.0,66.79,75.04,7490.0,66.27,72.83
7507.0,66.79,74.94,7507.0,66.2,72.83
7523.0,66.79,75.04,7523.0,66.27,72.92
7540.0,66.79,75.04,7540.0,66.27,72.92
7556.0,66.72,75.04,7556.0,66.27,72.92
7573.0,66.87,75.04,7573.0,66.35,72.92
7589.0,66.79,75.04,7589.0,66.35,72.83
7606.0,66.79,74.94,7606.0,66.35,72.83
7623.0,66.87,75.04,7623.0,66.27,72.83
7639.0,66.87,75.04,7639.0,66.35,72.83
7656.0,66.94,74.94,7656.0,66.27,72.75
7672.0,66.94,75.04,7672.0,66.35,72.75
7689.0,66.79,75.13,7689.0,66.35,72.66
7706.0,67.17,75.22,7706.0,66.27,72.48
7722.0,67.02,75.04,7722.0,66.35,72.48
7738.0,66.87,75.04,7738.0,66.35,72.22
7755.0,67.02,75.13,7755.0,66.42,72.48
7772.0,67.02,75.13,7772.0,66.42,72.48
7789.0,67.09,74.94,7789.0,66.57,72.39
7805.0,67.09,74.85,7805.0,66.49,72.39
7821.0,67.09,74.85,7821.0,66.42,72.22
7838.0,67.09,74.94,7838.0,66.35,72.39
7854.0,67.09,74.85,7854.0,66.42,72.66
7872.0,67.09,74.66,7872.0,66.42,72.39
7888.0,67.02,74.1,7888.0,66.27,72.39
7904.0,67.09,74.29,7904.0,66.27,72.48
7921.0,67.02,74.01,7921.0,66.12,72.39
7937.0,67.09,74.1,7937.0,66.12,72.48
7955.0,67.02,74.19,7955.0,66.12,72.66
7971.0,67.02,73.92,7971.0,66.2,72.57
7987.0,67.02,74.1,7987.0,66.27,72.57
8004.0,67.02,73.83,8004.0,66.27,72.48
8020.0,67.02,73.55,8020.0,66.2,72.48
8036.0,67.02,73.46,8036.0,65.98,72.48
8054.0,67.02,73.55,8054.0,65.69,72.39
8070.0,67.02,73.46,8070.0,65.76,72.13
8087.0,67.09,73.46,8087.0,65.98,72.39
8103.0,67.09,73.46,8103.0,65.98,72.39
8119.0,67.09,73.46,8119.0,66.05,72.48
8136.0,67.09,73.46,8136.0,66.05,72.39
8153.0,67.17,73.46,8153.0,66.05,72.39
8170.0,67.17,73.46,8170.0,66.12,72.48
8186.0,67.17,73.55,8186.0,66.12,72.57
8202.0,67.24,73.64,8202.0,66.12,72.57
8219.0,67.17,73.83,8219.0,66.2,72.57
8236.0,67.24,73.83,8236.0,66.12,72.66
8253.0,67.17,73.74,8253.0,66.12,72.66
8269.0,67.17,73.74,8269.0,66.12,72.66
8285.0,67.24,73.64,8285.0,66.2,72.66
8302.0,67.24,73.64,8302.0,66.2,72.57
8319.0,67.24,73.64,8319.0,66.12,72.57
8335.0,67.24,73.55,8335.0,66.12,72.57
8352.0,67.24,73.55,8352.0,65.91,72.48
8368.0,67.24,74.1,8368.0,65.91,72.48
8385.0,67.24,74.1,8385.0,65.91,72.48
8402.0,67.24,74.1,8402.0,65.91,72.48
8418.0,67.24,74.1,8418.0,65.98,72.48
8435.0,67.24,74.1,8435.0,65.83,72.39
8451.0,67.24,74.01,8451.0,65.91,72.48
8468.0,67.24,73.92,8468.0,65.91,72.48
8484.0,67.32,73.83,8484.0,65.98,72.39
8501.0,67.24,73.74,8501.0,65.91,72.39
8518.0,67.24,73.74,8518.0,65.91,72.48
8534.0,67.32,73.37,8534.0,65.91,72.39
8550.0,67.24,73.46,8550.0,65.83,72.48
8567.0,67.24,73.37,8567.0,65.91,72.48
8584.0,67.24,73.37,8584.0,65.98,72.39
8601.0,67.24,73.46,8601.0,65.98,72.39
8617.0,67.24,73.55,8617.0,65.91,72.39
8633.0,67.24,73.55,8633.0,65.91,72.39
8650.0,67.17,73.64,8650.0,65.91,72.39
8667.0,67.17,73.46,8667.0,65.83,72.39
8684.0,67.17,73.28,8684.0,65.98,72.39
8700.0,67.17,73.19,8700.0,65.98,72.39
8716.0,67.17,73.19,8716.0,65.98,72.39
8733.0,67.17,73.1,8733.0,65.91,72.48
8750.0,67.17,73.19,8750.0,65.83,72.48
8767.0,67.17,73.37,8767.0,65.98,72.48
8783.0,67.09,73.46,8783.0,65.91,72.39
8799.0,67.17,73.37,8799.0,65.98,72.39
8816.0,67.17,73.74,8816.0,65.91,72.48
8832.0,67.17,73.64,8832.0,65.98,72.48
8849.0,67.09,73.55,8849.0,65.91,72.39
8866.0,67.17,73.46,8866.0,65.83,72.39
8882.0,67.17,73.55,8882.0,65.83,72.39
8899.0,67.17,73.46,8899.0,65.83,72.39
8915.0,67.09,73.64,8915.0,65.76,72.39
8932.0,67.09,73.74,8932.0,65.69,72.39
8949.0,67.02,74.01,8949.0,65.54,72.48
8965.0,66.94,74.01,8965.0,65.54,72.39
8982.0,66.94,73.92,8982.0,65.61,72.48
8998.0,66.94,73.64,8998.0,65.54,72.39
9015.0,66.94,73.74,9015.0,65.61,72.48
9032.0,66.94,73.64,9032.0,65.54,72.39
9048.0,66.94,73.74,9048.0,65.54,72.48
9065.0,66.94,73.92,9065.0,65.54,72.39
9081.0,66.87,74.01,9081.0,65.61,72.39
9097.0,66.87,74.38,9097.0,65.61,72.39
9115.0,66.87,74.47,9115.0,65.61,72.48
9131.0,66.87,74.57,9131.0,65.61,72.39
9147.0,66.87,75.22,9147.0,65.61,72.39
9164.0,66.87,75.7,9164.0,65.54,72.39
9180.0,67.02,76.38,9180.0,65.54,72.39
9198.0,67.02,77.37,9198.0,65.61,72.39
9214.0,67.09,78.19,9214.0,65.54,72.39
9230.0,67.02,78.91,9230.0,65.54,72.39
9247.0,66.94,79.76,9247.0,65.61,72.39
9263.0,66.87,80.51,9263.0,65.61,72.39
9281.0,66.87,81.39,9281.0,65.54,72.39
9297.0,66.87,82.06,9297.0,65.61,72.39
9313.0,66.87,82.18,9313.0,65.61,72.48
9330.0,66.87,82.18,9330.0,65.47,72.48
9346.0,66.87,81.73,9346.0,65.47,72.48
9363.0,66.94,81.06,9363.0,65.54,72.48
9380.0,66.94,80.19,9380.0,65.54,72.48
9396.0,67.02,78.81,9396.0,65.54,72.48
9413.0,67.09,77.07,9413.0,65.47,72.48
9429.0,67.09,75.99,9429.0,65.54,72.48
9445.0,67.17,75.32,9445.0,65.54,72.48
9463.0,67.17,74.75,9463.0,65.54,72.48
9479.0,67.09,74.38,9479.0,65.54,72.48
9496.0,67.02,74.57,9496.0,65.54,72.48
9512.0,67.02,74.75,9512.0,65.47,72.48
9528.0,67.02,75.04,9528.0,65.47,72.39
9546.0,67.02,75.8,9546.0,65.4,72.48
9562.0,67.09,76.78,9562.0,65.47,72.48
9579.0,67.02,77.98,9579.0,65.47,72.48
9595.0,66.94,79.54,9595.0,65.47,72.57
9611.0,66.94,80.84,9611.0,65.54,72.48
9628.0,66.94,81.95,9628.0,65.47,72.57
9645.0,66.94,82.98,9645.0,65.47,72.48
9662.0,66.87,83.79,9662.0,65.47,72.57
9678.0,66.94,84.27,9678.0,65.47,72.57
9694.0,66.94,84.39,9694.0,65.47,72.57
9711.0,67.02,84.15,9711.0,65.47,72.48
9728.0,67.09,83.56,9728.0,65.54,72.48
9744.0,67.09,82.63,9744.0,65.54,72.48
9761.0,67.17,81.39,9761.0,65.61,72.39
9777.0,67.17,79.65,9777.0,65.54,72.48
9794.0,67.09,78.19,9794.0,65.61,72.48
9810.0,67.02,76.97,9810.0,65.54,72.48
9827.0,67.09,75.99,9827.0,65.54,72.57
9844.0,67.09,75.32,9844.0,65.61,72.48
9860.0,67.17,75.13,9860.0,65.47,72.48
9877.0,67.17,75.13,9877.0,65.54,72.48
9893.0,67.17,75.42,9893.0,65.54,72.48
9910.0,67.09,75.9,9910.0,65.61,72.48
9927.0,67.09,76.58,9927.0,65.54,72.48
9943.0,67.17,77.78,9943.0,65.54,72.48
9960.0,67.17,79.65,9960.0,65.54,72.48
9976.0,67.17,81.28,9976.0,65.54,72.48
9993.0,67.02,82.52,9993.0,65.61,72.48
10010.0,67.02,83.68,10010.0,65.61,72.48
10026.0,66.94,84.27,10026.0,65.47,72.48
10042.0,67.02,84.27,10042.0,65.47,72.48
10059.0,66.94,84.39,10059.0,65.47,72.48
10076.0,67.02,83.91,10076.0,65.47,72.39
10093.0,67.09,83.33,10093.0,65.54,72.48
10109.0,67.24,82.52,10109.0,65.54,72.39
10125.0,67.24,81.06,10125.0,65.54,72.39
10143.0,67.17,79.65,10143.0,65.54,72.48
10159.0,67.24,78.19,10159.0,65.47,72.48
10176.0,67.17,77.07,10176.0,65.54,72.48
10192.0,67.17,76.19,10192.0,65.61,72.48
10208.0,67.17,75.9,10208.0,65.47,72.48
10226.0,67.24,75.9,10226.0,65.54,72.57
10242.0,67.17,75.99,10242.0,65.61,72.48
10259.0,67.24,76.38,10259.0,65.54,72.48
10275.0,67.24,76.88,10275.0,65.54,72.48
10292.0,67.17,77.98,10292.0,65.54,72.48
10309.0,67.17,79.23,10309.0,65.61,72.57
10325.0,67.17,80.84,10325.0,65.54,72.48
10341.0,67.17,82.29,10341.0,65.54,72.57
10359.0,67.09,83.68,10359.0,65.54,72.48
10375.0,67.09,84.39,10375.0,65.54,72.48
10392.0,67.09,84.99,10392.0,65.54,72.48
10408.0,67.09,85.23,10408.0,65.47,72.48
10425.0,67.09,85.11,10425.0,65.54,72.48
10442.0,67.17,84.87,10442.0,65.54,72.57
10458.0,67.17,84.39,10458.0,65.54,72.48
10475.0,67.17,83.44,10475.0,65.61,72.48
10491.0,67.17,82.29,10491.0,65.54,72.48
10508.0,67.17,80.84,10508.0,65.47,72.48
10525.0,67.17,78.91,10525.0,65.54,72.48
10541.0,67.17,77.78,10541.0,65.54,72.48
10558.0,67.24,76.88,10558.0,65.54,72.57
10575.0,67.17,76.58,10575.0,65.54,72.57
10591.0,67.17,76.68,10591.0,65.61,72.66
10608.0,67.17,77.17,10608.0,65.54,72.66
10624.0,67.17,77.88,10624.0,65.54,72.57
10641.0,67.17,79.76,10641.0,65.54,72.66
10658.0,67.17,81.5,10658.0,65.54,72.57
10674.0,67.17,83.33,10674.0,65.61,72.57
10691.0,67.17,84.63,10691.0,65.54,72.57
10708.0,67.09,85.11,10708.0,65.54,72.57
10724.0,67.09,85.11,10724.0,65.54,72.57
10741.0,67.09,84.99,10741.0,65.54,72.57
10757.0,67.09,84.39,10757.0,65.54,72.57
10774.0,67.17,83.68,10774.0,65.54,72.48
10791.0,67.17,82.52,10791.0,65.47,72.57
10807.0,67.17,81.17,10807.0,65.54,72.48
10824.0,67.17,80.08,10824.0,65.54,72.48
10840.0,67.17,78.91,10840.0,65.54,72.48
10858.0,67.17,77.68,10858.0,65.61,72.48
10874.0,67.17,76.19,10874.0,65.61,72.57
10890.0,67.17,75.61,10890.0,65.61,72.57
10907.0,67.17,75.42,10907.0,65.54,72.57
10924.0,67.17,75.32,10924.0,65.61,72.57
10941.0,67.24,75.42,10941.0,65.54,72.57
10957.0,67.24,75.22,10957.0,65.54,72.57
10973.0,67.24,75.32,10973.0,65.61,72.66
10991.0,67.24,75.32,10991.0,65.61,72.57
11007.0,67.17,75.32,11007.0,65.54,72.48
11023.0,67.24,75.51,11023.0,65.54,72.57
11040.0,67.17,76.48,11040.0,65.54,72.48
11057.0,67.17,77.58,11057.0,65.54,72.57
11074.0,67.17,79.23,11074.0,65.61,72.48
11090.0,67.17,81.28,11090.0,65.61,72.57
11106.0,67.17,82.98,11106.0,65.54,72.48
11124.0,67.17,84.03,11124.0,65.54,72.57
11140.0,67.17,84.75,11140.0,65.61,72.57
11157.0,67.17,85.11,11157.0,65.61,72.57
11173.0,67.17,85.36,11173.0,65.61,72.57
11190.0,67.17,85.48,11190.0,65.54,72.48
11207.0,67.17,85.36,11207.0,65.54,72.48
11223.0,67.17,85.11,11223.0,65.54,72.48
11240.0,67.24,84.39,11240.0,65.61,72.48
11256.0,67.24,83.09,11256.0,65.54,72.48
11273.0,67.24,81.61,11273.0,65.54,72.48
11290.0,67.17,79.86,11290.0,65.54,72.48
11306.0,67.17,78.39,11306.0,65.54,72.48
11322.0,67.17,77.17,11322.0,65.54,72.57
11340.0,67.24,76.58,11340.0,65.54,72.48
11356.0,67.17,76.38,11356.0,65.61,72.57
11373.0,67.17,76.78,11373.0,65.61,72.57
11389.0,67.17,77.58,11389.0,65.61,72.57
11406.0,67.24,78.81,11406.0,65.61,72.48
11423.0,67.24,80.62,11423.0,65.54,72.57
11439.0,67.17,83.44,11439.0,65.61,72.48
11456.0,67.17,85.23,11456.0,65.54,72.48
11473.0,67.17,86.72,11473.0,65.54,72.48
11489.0,67.17,87.74,11489.0,65.47,72.48
11506.0,67.17,87.61,11506.0,65.54,72.48
11522.0,67.24,86.85,11522.0,65.54,72.48
11540.0,67.24,85.6,11540.0,65.54,72.48
11556.0,67.17,83.44,11556.0,65.54,72.39
11572.0,67.17,81.5,11572.0,65.54,72.39
11589.0,67.24,79.12,11589.0,65.54,72.39
11605.0,67.17,76.58,11605.0,65.61,72.3
11622.0,67.17,75.13,11622.0,65.54,72.39
11639.0,67.17,74.57,11639.0,65.61,72.3
11655.0,67.17,74.29,11655.0,65.54,72.39
11672.0,67.24,74.19,11672.0,65.54,72.48
11689.0,67.24,74.1,11689.0,65.54,72.39
11705.0,67.17,74.1,11705.0,65.54,72.39
11722.0,67.17,74.29,11722.0,65.61,72.39
11738.0,67.17,74.38,11738.0,65.61,72.39
11756.0,67.17,74.38,11756.0,65.61,72.39
11772.0,67.17,74.29,11772.0,65.54,72.39
11788.0,67.09,74.01,11788.0,65.54,72.39
11805.0,67.17,73.83,11805.0,65.47,72.48
11822.0,67.17,73.46,11822.0,65.54,72.57
11839.0,67.09,73.1,11839.0,65.54,72.57
11855.0,67.17,73.55,11855.0,65.54,72.57
11871.0,67.17,73.55,11871.0,65.54,72.57
11888.0,67.17,73.46,11888.0,65.61,72.57
11905.0,67.24,73.64,11905.0,65.54,72.48
11921.0,67.17,74.01,11921.0,65.54,72.66
11938.0,67.17,74.01,11938.0,65.61,72.66
11954.0,67.24,74.01,11954.0,65.54,72.66
11972.0,67.24,73.92,11972.0,65.54,72.57
11988.0,67.24,73.92,11988.0,65.61,72.66
12004.0,67.24,73.92,12004.0,65.61,72.75
12021.0,67.17,74.19,12021.0,65.54,72.66
12038.0,67.24,74.38,12038.0,65.54,72.75
12055.0,67.17,74.1,12055.0,65.54,72.75
12071.0,67.24,74.1,12071.0,65.54,72.75
12087.0,67.24,74.1,12087.0,65.54,72.75
12104.0,67.24,73.83,12104.0,65.54,72.83
12121.0,67.24,74.01,12121.0,65.54,72.92
12138.0,67.24,73.92,12138.0,65.54,72.92
12154.0,67.09,74.01,12154.0,65.61,72.92
12170.0,67.09,74.01,12170.0,65.54,72.92
12188.0,67.09,74.19,12188.0,65.54,72.92
12204.0,67.09,74.1,12204.0,65.54,73.1
12221.0,67.17,74.01,12221.0,65.54,73.1
12237.0,67.09,74.01,12237.0,65.47,73.1
12254.0,67.17,74.01,12254.0,65.54,73.19
12271.0,67.17,73.92,12271.0,65.54,73.1
12287.0,67.09,73.83,12287.0,65.54,73.1
12303.0,67.17,73.92,12303.0,65.54,73.19
12320.0,67.17,73.92,12320.0,65.47,73.19
12337.0,67.17,73.92,12337.0,65.4,73.28
12354.0,67.17,73.92,12354.0,65.33,73.28
12370.0,67.17,73.92,12370.0,65.26,73.37
12386.0,67.09,73.92,12386.0,65.33,73.28
12404.0,67.02,74.01,12404.0,65.26,73.28
12420.0,66.94,74.1,12420.0,65.18,73.37
12437.0,66.94,74.1,12437.0,65.26,73.28
12453.0,67.09,74.1,12453.0,65.33,73.37
12470.0,67.09,74.01,12470.0,64.97,73.28
12487.0,66.42,74.01,12487.0,64.97,73.28
12503.0,66.42,73.92,12503.0,65.04,73.28
12520.0,66.35,73.92,12520.0,65.11,73.28
12536.0,66.05,73.92,12536.0,65.18,73.28
12553.0,66.05,73.83,12553.0,65.26,73.19
12570.0,66.05,73.55,12570.0,65.26,73.19
12586.0,65.91,73.46,12586.0,65.33,73.28
12602.0,66.12,73.37,12602.0,65.4,73.37
12620.0,66.12,73.46,12620.0,65.4,73.46
12636.0,66.12,73.64,12636.0,65.4,73.55
12653.0,66.27,73.64,12653.0,65.4,73.46
12669.0,66.12,73.64,12669.0,65.4,73.46
12685.0,66.2,73.64,12685.0,65.4,73.46
12703.0,66.05,73.55,12703.0,65.18,73.37
12719.0,66.05,73.64,12719.0,64.9,73.37
12736.0,65.91,73.83,12736.0,64.76,73.28
12752.0,65.83,73.92,12752.0,64.69,73.19
12769.0,65.69,73.92,12769.0,65.18,73.19
12786.0,65.61,73.92,12786.0,65.11,73.19
12802.0,65.69,74.01,12802.0,65.11,73.19
12819.0,65.76,74.1,12819.0,65.04,73.1
12836.0,65.83,74.01,12836.0,65.04,73.1
12852.0,65.91,73.92,12852.0,65.18,73.1
12869.0,65.98,74.01,12869.0,65.18,73.1
12885.0,66.05,74.19,12885.0,65.26,73.19
12901.0,66.12,74.29,12901.0,65.26,73.1
12919.0,66.12,74.29,12919.0,65.18,73.1
12935.0,65.98,74.38,12935.0,65.18,73.1
12952.0,65.91,74.38,12952.0,65.18,73.19
12968.0,65.98,74.38,12968.0,65.18,73.19
12985.0,65.98,74.38,12985.0,65.18,73.19
13002.0,65.98,74.38,13002.0,65.18,73.19
13018.0,66.05,74.38,13018.0,65.26,73.28
13035.0,65.98,74.38,13035.0,65.26,73.19
13051.0,66.05,74.47,13051.0,65.26,73.28
13068.0,66.05,74.47,13068.0,65.26,73.19
13085.0,66.05,74.47,13085.0,65.33,73.28
13101.0,66.05,74.47,13101.0,65.26,73.19
13118.0,66.05,74.47,13118.0,65.26,73.19
13135.0,66.05,74.47,13135.0,65.33,73.19
13151.0,66.12,74.47,13151.0,65.26,73.19
13168.0,66.05,74.47,13168.0,65.26,73.19
13184.0,65.98,74.47,13184.0,65.33,73.19
13201.0,65.98,74.57,13201.0,65.26,73.19
13218.0,65.98,74.57,13218.0,65.33,73.19
13234.0,66.12,74.57,13234.0,65.26,73.28
13251.0,66.2,74.57,13251.0,65.11,73.28
13268.0,66.49,74.66,13268.0,65.04,73.28
13284.0,66.35,74.47,13284.0,65.11,73.28
13301.0,66.12,74.47,13301.0,65.04,73.19
13317.0,66.12,74.29,13317.0,65.04,73.19
13334.0,66.35,74.29,13334.0,65.04,73.19
13351.0,66.27,74.38,13351.0,65.11,73.19
13367.0,66.27,74.29,13367.0,64.69,73.19
13384.0,66.27,74.29,13384.0,64.62,73.1
13400.0,66.27,74.38,13400.0,64.69,73.1
13418.0,66.35,74.38,13418.0,64.55,73.19
13434.0,66.42,74.38,13434.0,64.41,73.1
13450.0,66.49,74.38,13450.0,64.83,73.19
13467.0,66.49,74.29,13467.0,64.62,73.19
13484.0,66.57,74.01,13484.0,64.55,73.19
13501.0,66.57,74.01,13501.0,64.97,73.28
13517.0,66.64,74.01,13517.0,65.18,73.28
13533.0,66.57,74.1,13533.0,65.33,73.28
13550.0,66.49,74.1,13550.0,65.04,73.28
13567.0,66.35,74.1,13567.0,64.9,73.37
13583.0,66.42,74.19,13583.0,65.11,73.37
13600.0,66.49,74.1,13600.0,65.26,73.28
13616.0,66.42,74.1,13616.0,65.18,73.28
13634.0,66.42,74.1,13634.0,65.18,73.28
13650.0,66.35,74.1,13650.0,65.18,73.46
13666.0,66.27,74.19,13666.0,65.11,73.46
13683.0,66.35,74.19,13683.0,64.97,73.55
13699.0,66.35,74.01,13699.0,64.9,73.46
13717.0,66.42,74.1,13717.0,65.11,73.46
13733.0,66.72,73.92,13733.0,65.04,73.1
13749.0,66.72,73.92,13749.0,65.04,73.01
13766.0,66.87,74.1,13766.0,64.97,73.01
13783.0,67.09,74.01,13783.0,65.04,72.83
13800.0,67.24,74.1,13800.0,65.18,72.75
13816.0,67.32,74.1,13816.0,65.04,72.66
13832.0,67.32,74.29,13832.0,65.04,72.3
13850.0,67.4,74.19,13850.0,64.97,72.3
13866.0,67.4,74.19,13866.0,64.76,72.48
13882.0,67.4,74.19,13882.0,64.76,73.19
13899.0,67.4,74.29,13899.0,65.11,73.28
13915.0,67.4,74.38,13915.0,64.97,73.19
13933.0,67.32,74.57,13933.0,65.18,73.37
13949.0,67.32,74.57,13949.0,65.4,73.37
13965.0,67.24,74.75,13965.0,65.61,73.46
13982.0,67.32,74.75,13982.0,65.83,73.55
13999.0,67.32,74.94,13999.0,65.54,73.64
14016.0,67.32,74.85,14016.0,65.33,73.64
14032.0,67.32,74.75,14032.0,65.26,73.55
14048.0,67.32,74.66,14048.0,65.33,73.55
14066.0,67.4,74.38,14066.0,65.4,73.55
14082.0,67.32,74.38,14082.0,65.47,73.55
14099.0,67.32,74.38,14099.0,65.54,73.55
14115.0,67.24,74.47,14115.0,65.76,73.64
14131.0,67.24,74.47,14131.0,66.12,73.74
14149.0,67.24,74.47,14149.0,66.05,73.74
14165.0,67.17,74.47,14165.0,66.2,73.74
14181.0,67.17,74.47,14181.0,66.12,73.74
14198.0,67.17,74.47,14198.0,65.69,73.74
14215.0,67.17,74.47,14215.0,65.69,73.74
14232.0,67.09,74.57,14232.0,65.69,73.64
14248.0,67.02,74.66,14248.0,65.54,73.55
14264.0,66.94,74.66,14264.0,66.35,73.55
14282.0,66.94,74.66,14282.0,66.42,73.55
14298.0,66.94,74.75,14298.0,66.42,73.55
14315.0,66.94,74.75,14315.0,66.35,73.55
14331.0,66.94,74.75,14331.0,66.35,73.55
14348.0,66.94,74.75,14348.0,66.35,73.46
14365.0,66.94,74.66,14365.0,66.42,73.55
14381.0,67.02,74.75,14381.0,66.35,73.64
14398.0,67.02,74.66,14398.0,66.35,73.64
14414.0,67.02,74.75,14414.0,66.42,73.64
14431.0,67.17,74.75,14431.0,66.35,73.64
14448.0,67.17,74.66,14448.0,66.2,73.74
14464.0,67.24,74.75,14464.0,66.27,73.74
14480.0,67.24,74.66,14480.0,66.12,73.64
14498.0,67.24,74.66,14498.0,66.35,73.64
14514.0,67.17,74.75,14514.0,66.35,73.64
14531.0,67.24,74.66,14531.0,66.35,73.64
14547.0,67.32,74.75,14547.0,66.05,73.64
14564.0,67.24,74.66,14564.0,65.98,73.74
14581.0,67.17,74.66,14581.0,65.98,73.83
14597.0,66.79,74.66,14597.0,65.98,73.83
14614.0,66.72,74.66,14614.0,66.05,73.92
14631.0,66.57,74.75,14631.0,66.27,73.92
14647.0,66.57,74.66,14647.0,66.27,74.1
14664.0,66.57,74.66,14664.0,66.12,74.01
14680.0,66.64,74.66,14680.0,66.2,74.01
14697.0,66.57,74.66,14697.0,66.12,74.01
14714.0,66.57,74.66,14714.0,65.98,74.1
14730.0,66.57,74.66,14730.0,66.12,74.1
14747.0,66.57,74.66,14747.0,66.05,74.01
14763.0,66.72,74.66,14763.0,65.91,74.01
14781.0,66.57,74.66,14781.0,65.98,73.92
14797.0,66.49,74.66,14797.0,66.05,74.01
14813.0,66.49,74.75,14813.0,66.12,74.01
14830.0,66.49,74.66,14830.0,66.12,73.92
14847.0,66.42,74.75,14847.0,66.05,73.92
14863.0,66.42,74.75,14863.0,65.98,73.92
14880.0,66.42,74.66,14880.0,66.12,73.83
14896.0,66.42,74.66,14896.0,66.12,73.74
14913.0,66.49,74.57,14913.0,66.12,73.74
14930.0,66.27,74.66,14930.0,66.05,73.74
14946.0,66.12,74.57,14946.0,66.05,73.83
14963.0,66.35,74.66,14963.0,66.12,73.83
14979.0,66.35,74.66,14979.0,66.27,73.83
14997.0,66.27,74.75,14997.0,66.35,73.92
15013.0,66.35,74.75,15013.0,66.35,73.83
15029.0,66.35,74.75,15029.0,66.2,73.74
15046.0,66.27,74.75,15046.0,66.12,73.74
15063.0,66.27,74.75,15063.0,66.12,73.74
15080.0,66.27,74.75,15080.0,66.2,73.74
15096.0,66.27,74.75,15096.0,66.2,73.74
15112.0,65.91,74.85,15112.0,66.12,73.74
15130.0,65.69,74.75,15130.0,66.05,73.74
15146.0,65.54,74.75,15146.0,66.2,73.64
15162.0,65.61,74.75,15162.0,66.2,73.74
15179.0,65.98,74.75,15179.0,66.2,73.74
15196.0,66.35,74.75,15196.0,66.12,73.83
15213.0,66.27,74.75,15213.0,66.12,73.83
15229.0,66.79,74.75,15229.0,65.91,73.83
15245.0,66.79,74.75,15245.0,66.35,74.01
15262.0,66.87,74.75,15262.0,66.2,74.01
15279.0,66.35,74.85,15279.0,66.2,74.01
15296.0,66.12,74.75,15296.0,66.05,74.01
15312.0,65.83,74.85,15312.0,66.12,74.01
15328.0,65.98,74.75,15328.0,66.12,73.92
15346.0,65.91,74.75,15346.0,66.12,73.83
15362.0,65.98,74.75,15362.0,66.2,73.83
15379.0,65.98,74.85,15379.0,66.12,73.83
15395.0,66.12,74.75,15395.0,66.2,73.83
15412.0,65.98,74.75,15412.0,66.27,73.83
15429.0,65.98,74.75,15429.0,66.35,73.74
15445.0,65.98,74.75,15445.0,66.35,73.74
15461.0,66.05,74.75,15461.0,66.27,73.74
15479.0,66.05,74.75,15479.0,66.42,73.83
15495.0,66.05,74.75,15495.0,66.27,73.92
15512.0,66.2,74.75,15512.0,66.2,73.83
15528.0,66.2,74.75,15528.0,66.2,73.74
15544.0,66.12,74.75,15544.0,66.12,73.74
15562.0,66.2,74.75,15562.0,66.12,73.83
15578.0,66.2,74.75,15578.0,66.72,74.01
15595.0,66.2,74.75,15595.0,67.02,73.92
15611.0,66.27,74.75,15611.0,67.4,73.92
15628.0,66.35,74.75,15628.0,67.78,73.92
15645.0,66.42,74.75,15645.0,68.48,73.92
15661.0,66.42,74.66,15661.0,69.04,73.92
15678.0,66.49,74.75,15678.0,69.93,73.83
15695.0,66.49,74.66,15695.0,71.35,73.92
15711.0,66.57,74.66,15711.0,72.39,73.92
15728.0,66.57,74.66,15728.0,73.46,73.83
15744.0,66.57,74.66,15744.0,74.47,73.83
15760.0,66.64,74.66,15760.0,74.85,73.92
15778.0,66.64,74.66,15778.0,74.85,73.83
15794.0,66.57,74.66,15794.0,74.38,73.83
15811.0,66.57,74.75,15811.0,73.46,73.83
15827.0,66.57,74.75,15827.0,72.13,73.83
15844.0,66.49,74.75,15844.0,70.59,73.83
15861.0,66.35,74.66,15861.0,68.8,73.83
15877.0,66.12,74.66,15877.0,67.86,73.92
15894.0,66.12,74.66,15894.0,67.24,74.01
15911.0,66.05,74.75,15911.0,67.17,74.01
15927.0,66.12,74.75,15927.0,67.24,74.01
15944.0,66.12,74.75,15944.0,67.32,74.01
15960.0,66.12,74.75,15960.0,67.63,74.01
15977.0,66.2,74.75,15977.0,68.25,74.01
15994.0,66.27,74.85,15994.0,69.2,74.01
16010.0,66.35,74.85,16010.0,70.51,73.92
16027.0,66.35,74.75,16027.0,72.48,73.92
16043.0,66.35,74.75,16043.0,73.83,73.83
16061.0,66.35,74.75,16061.0,74.85,73.64
16077.0,66.35,74.66,16077.0,75.13,73.64
16093.0,66.27,74.66,16093.0,75.13,73.64
16110.0,66.35,74.66,16110.0,74.66,73.64
16127.0,66.35,74.66,16127.0,74.29,73.64
16143.0,66.35,74.75,16143.0,73.28,73.74
16160.0,66.27,74.75,16160.0,72.3,73.74
16176.0,66.2,74.75,16176.0,71.27,73.74
16194.0,65.69,74.75,16194.0,70.17,73.83
16210.0,65.69,74.75,16210.0,69.12,73.83
16226.0,65.54,74.75,16226.0,68.25,73.92
16243.0,65.61,74.75,16243.0,68.01,73.92
16259.0,65.76,74.75,16259.0,68.01,73.92
16277.0,65.76,74.75,16277.0,68.17,73.92
16293.0,65.83,74.75,16293.0,68.8,73.92
16309.0,65.83,74.85,16309.0,69.93,73.92
16326.0,65.91,74.75,16326.0,70.84,73.92
16343.0,65.98,74.75,16343.0,72.39,73.83
16360.0,65.83,74.75,16360.0,73.74,73.64
16376.0,65.91,74.66,16376.0,74.85,73.64
16392.0,65.98,74.66,16392.0,75.32,73.64
16410.0,65.83,74.66,16410.0,75.22,73.74
16426.0,65.69,74.66,16426.0,74.94,73.74
16442.0,65.76,74.66,16442.0,74.47,73.74
16459.0,65.83,74.75,16459.0,73.46,73.74
16476.0,65.76,74.75,16476.0,72.3,73.74
16493.0,65.83,74.75,16493.0,70.76,73.83
16509.0,65.83,74.75,16509.0,69.6,73.83
16525.0,65.83,74.75,16525.0,68.56,73.83
16542.0,65.76,74.75,16542.0,67.63,74.01
16559.0,65.61,74.75,16559.0,67.24,73.92
16576.0,65.76,74.75,16576.0,66.94,73.92
16592.0,65.83,74.75,16592.0,66.94,73.92
16608.0,65.83,74.75,16608.0,67.32,73.92
16626.0,65.76,74.75,16626.0,68.01,73.92
16642.0,65.76,74.75,16642.0,69.2,73.92
16659.0,65.83,74.75,16659.0,70.76,73.92
16675.0,65.91,74.66,16675.0,72.39,73.83
16691.0,65.98,74.66,16691.0,73.83,73.64
16709.0,65.98,74.57,16709.0,74.85,73.64
16725.0,65.98,74.57,16725.0,75.51,73.74
16741.0,65.98,74.57,16741.0,75.51,73.74
16758.0,65.98,74.57,16758.0,75.42,73.55
16775.0,65.98,74.66,16775.0,75.04,73.64
16792.0,65.98,74.66,16792.0,74.38,73.64
16808.0,65.91,74.66,16808.0,73.64,73.64
16824.0,65.91,74.66,16824.0,72.3,73.74
16842.0,65.91,74.66,16842.0,71.1,73.74
16858.0,65.91,74.57,16858.0,69.44,73.74
16875.0,65.83,74.66,16875.0,68.01,73.83
16891.0,65.76,74.66,16891.0,66.94,73.92
16908.0,65.69,74.66,16908.0,66.72,73.83
16925.0,65.69,74.66,16925.0,66.79,73.92
16941.0,65.61,74.66,16941.0,66.94,73.92
16958.0,65.61,74.75,16958.0,67.02,73.92
16974.0,65.83,74.66,16974.0,67.55,73.92
16991.0,65.98,74.66,16991.0,68.4,73.92
17008.0,65.98,74.66,17008.0,69.85,73.83
17024.0,66.05,74.66,17024.0,71.27,73.83
17040.0,66.05,74.66,17040.0,72.57,73.64
17058.0,66.05,74.57,17058.0,73.83,73.64
17074.0,66.12,74.57,17074.0,74.66,73.64
17091.0,66.05,74.47,17091.0,75.32,73.64
17107.0,65.98,74.57,17107.0,75.22,73.64
17124.0,65.91,74.57,17124.0,75.04,73.55
17141.0,65.98,74.57,17141.0,74.38,73.55
17157.0,65.98,74.57,17157.0,73.64,73.64
17174.0,66.05,74.57,17174.0,72.57,73.64
17190.0,66.05,74.57,17190.0,71.27,73.64
17207.0,66.05,74.57,17207.0,69.68,73.74
17224.0,65.91,74.57,17224.0,68.4,73.74
17240.0,65.83,74.47,17240.0,67.47,73.74
17257.0,65.69,74.47,17257.0,67.17,73.83
17274.0,65.69,74.47,17274.0,67.02,73.83
17290.0,65.69,74.57,17290.0,66.94,73.92
17307.0,65.69,74.57,17307.0,67.24,73.92
17323.0,65.76,74.57,17323.0,67.7,73.83
17341.0,65.83,74.57,17341.0,68.8,73.92
17357.0,65.83,74.57,17357.0,70.01,73.83
17373.0,65.91,74.57,17373.0,71.69,73.74
17390.0,66.12,74.47,17390.0,73.19,73.55
17406.0,66.2,74.47,17406.0,75.04,73.74
17423.0,66.12,74.38,17423.0,75.61,73.64
17440.0,66.05,74.38,17440.0,75.61,73.64
17456.0,65.91,74.38,17456.0,75.13,73.64
17473.0,65.98,74.47,17473.0,74.29,73.55
17490.0,65.98,74.47,17490.0,73.28,73.64
17506.0,66.05,74.47,17506.0,72.04,73.74
17523.0,65.98,74.47,17523.0,70.17,73.83
17539.0,65.98,74.57,17539.0,68.09,73.92
17557.0,65.98,74.57,17557.0,67.02,73.92
17573.0,65.91,74.57,17573.0,66.64,74.01
17589.0,65.91,74.57,17589.0,66.57,73.92
17606.0,65.83,74.57,17606.0,66.49,73.83
17623.0,65.69,74.47,17623.0,66.42,73.74
17640.0,65.69,74.47,17640.0,66.2,73.83
17656.0,65.98,74.47,17656.0,66.05,73.74
17672.0,65.91,74.47,17672.0,65.98,73.83
17689.0,65.98,74.47,17689.0,65.91,73.83
17706.0,66.12,74.47,17706.0,65.69,73.92
17722.0,66.2,74.47,17722.0,65.47,73.74
17739.0,66.2,74.47,17739.0,65.69,73.74
17755.0,66.12,74.47,17755.0,65.54,73.74
17773.0,66.12,74.47,17773.0,65.54,73.74
17789.0,66.05,74.47,17789.0,65.61,73.74
17805.0,66.05,74.47,17805.0,65.61,73.74
17822.0,66.05,74.57,17822.0,65.69,73.74
17839.0,66.05,74.57,17839.0,65.76,73.74
17856.0,66.2,74.57,17856.0,66.05,73.74
17872.0,66.27,74.57,17872.0,66.2,73.74
17888.0,66.12,74.57,17888.0,66.2,73.74
17906.0,66.27,74.57,17906.0,66.27,73.74
17922.0,66.27,74.57,17922.0,66.35,73.74
17939.0,66.27,74.57,17939.0,66.35,73.74
17955.0,66.2,74.57,17955.0,66.27,73.74
17972.0,66.12,74.57,17972.0,66.35,73.83
17989.0,66.05,74.57,17989.0,66.42,73.83
18005.0,66.05,74.57,18005.0,66.42,73.74
18021.0,65.98,74.57,18021.0,66.35,73.74
18038.0,65.98,74.57,18038.0,66.35,73.64
18055.0,65.98,74.57,18055.0,66.35,73.64
18072.0,66.05,74.57,18072.0,66.27,73.74
18088.0,65.98,74.66,18088.0,66.35,73.83
18104.0,66.05,74.66,18104.0,66.35,73.83
18122.0,66.05,74.75,18122.0,66.27,73.74
18138.0,66.05,74.66,18138.0,66.12,73.83
18155.0,66.05,74.57,18155.0,66.42,73.92
18171.0,66.05,74.47,18171.0,66.42,73.92
18188.0,65.98,74.47,18188.0,66.42,73.92
18205.0,66.05,74.57,18205.0,66.35,74.01
18221.0,66.05,74.57,18221.0,66.27,73.92
18238.0,66.05,74.57,18238.0,66.42,73.92
18254.0,65.98,74.57,18254.0,66.2,73.92
18271.0,66.05,74.57,18271.0,65.98,73.92
18288.0,66.05,74.57,18288.0,66.05,74.01
18304.0,66.05,74.57,18304.0,66.35,74.01
18320.0,66.05,74.57,18320.0,66.2,74.01
18338.0,65.98,74.57,18338.0,66.27,74.01
18354.0,66.05,74.57,18354.0,66.2,74.01
18371.0,66.05,74.57,18371.0,66.2,74.1
18387.0,66.05,74.57,18387.0,66.27,74.1
18403.0,66.05,74.66,18403.0,66.27,74.1
18421.0,66.05,74.66,18421.0,66.27,74.1
18437.0,66.05,74.66,18437.0,66.2,74.1
18454.0,65.98,74.66,18454.0,66.35,74.1
18470.0,65.98,74.66,18470.0,66.27,74.1
18487.0,65.98,74.66,18487.0,66.12,74.01
18504.0,65.98,74.75,18504.0,65.98,74.1
18520.0,65.98,74.75,18520.0,66.12,74.1
18537.0,65.98,74.75,18537.0,66.12,74.1
18554.0,66.05,74.75,18554.0,66.12,74.1
18570.0,65.98,74.75,18570.0,66.2,74.1
18587.0,65.98,74.75,18587.0,66.12,74.1
18603.0,65.98,74.75,18603.0,66.12,74.1
18619.0,65.98,74.66,18619.0,66.12,74.1
18637.0,65.98,74.75,18637.0,66.2,74.1
18653.0,65.98,74.75,18653.0,66.2,74.1
18670.0,65.98,74.75,18670.0,66.27,74.1
18686.0,65.98,74.75,18686.0,66.27,74.1
18703.0,65.98,74.75,18703.0,66.2,74.1
18720.0,65.98,74.75,18720.0,66.2,74.1
18736.0,65.98,74.75,18736.0,66.2,74.1
18753.0,65.98,74.75,18753.0,66.12,74.1
18769.0,65.98,74.75,18769.0,66.2,74.1
18786.0,65.98,74.75,18786.0,66.2,74.19
18803.0,65.91,74.75,18803.0,66.12,74.19
18819.0,65.91,74.75,18819.0,66.12,74.19
18836.0,65.91,74.75,18836.0,66.05,74.19
18853.0,65.83,74.85,18853.0,65.91,74.01
18869.0,65.83,74.85,18869.0,65.91,74.1
18886.0,65.83,74.85,18886.0,65.98,74.1
18902.0,65.83,74.85,18902.0,65.91,74.1
18918.0,65.83,74.85,18918.0,65.91,74.1
18936.0,65.83,74.85,18936.0,66.12,74.1
18952.0,65.83,74.85,18952.0,66.12,74.01
18969.0,65.83,74.85,18969.0,66.12,74.01
18985.0,65.76,74.85,18985.0,66.2,74.01
19002.0,65.76,74.85,19002.0,66.2,74.01
19019.0,65.76,74.85,19019.0,66.2,74.01
19035.0,65.83,74.85,19035.0,66.12,74.1
19052.0,65.76,74.85,19052.0,66.12,74.1
19069.0,65.76,74.94,19069.0,66.2,74.1
19085.0,65.76,74.85,19085.0,66.27,74.1
19102.0,65.76,74.85,19102.0,66.2,74.1
19118.0,65.76,74.85,19118.0,66.27,74.1
19135.0,65.83,74.85,19135.0,66.2,74.01
19152.0,65.83,74.75,19152.0,66.2,73.92
19168.0,65.83,74.75,19168.0,66.27,73.92
19185.0,65.83,74.66,19185.0,66.27,74.01
19201.0,65.83,74.66,19201.0,66.2,74.1
19219.0,65.83,74.66,19219.0,66.12,74.01
19235.0,65.83,74.66,19235.0,66.2,74.01
19251.0,65.83,74.66,19251.0,66.12,74.01
19268.0,65.76,74.57,19268.0,66.12,73.92
19285.0,65.76,74.75,19285.0,66.05,74.01
19301.0,65.69,74.66,19301.0,66.12,74.01
19318.0,65.69,74.75,19318.0,66.05,74.01
19334.0,65.69,74.75,19334.0,65.98,74.1
19351.0,65.69,74.75,19351.0,65.76,74.19
19368.0,65.69,74.75,19368.0,65.61,74.19
19384.0,65.69,74.75,19384.0,65.61,74.29
19401.0,65.69,74.75,19401.0,65.61,74.19
19417.0,65.69,74.75,19417.0,65.61,74.1
19435.0,65.69,74.66,19435.0,65.69,74.1
19451.0,65.69,74.75,19451.0,65.69,74.1
19467.0,65.69,74.75,19467.0,65.69,74.1
19484.0,65.69,74.75,19484.0,65.69,74.1
19501.0,65.69,74.85,19501.0,65.76,74.1
19518.0,65.69,74.85,19518.0,65.69,74.1
19534.0,65.69,74.94,19534.0,65.69,74.1
19550.0,65.69,74.94,19550.0,65.69,74.1
19567.0,65.69,75.04,19567.0,65.69,74.19
19584.0,65.69,75.04,19584.0,65.69,74.19
19600.0,65.69,74.94,19600.0,65.61,74.29
19617.0,65.69,74.94,19617.0,65.61,74.75
19633.0,65.69,74.85,19633.0,65.69,75.22
19651.0,65.61,74.94,19651.0,65.69,75.99
19667.0,65.69,74.94,19667.0,65.69,77.27
19683.0,65.69,74.85,19683.0,65.69,78.5
19700.0,65.69,74.85,19700.0,65.69,79.86
19717.0,65.69,74.85,19717.0,65.69,81.95
19734.0,65.69,74.85,19734.0,65.69,83.56
19750.0,65.69,74.75,19750.0,65.69,84.75
19766.0,65.69,74.75,19766.0,65.83,85.48
19783.0,65.69,74.85,19783.0,65.76,85.6
19800.0,65.69,74.85,19800.0,65.76,85.23
19817.0,65.69,74.85,19817.0,65.76,84.51
19833.0,65.69,74.85,19833.0,65.76,83.33
19849.0,65.69,74.94,19849.0,65.83,81.95
19867.0,65.69,75.22,19867.0,65.69,80.51
19883.0,65.69,75.22,19883.0,65.76,79.12
19899.0,65.61,75.22,19899.0,65.61,77.47
19916.0,65.69,75.32,19916.0,65.61,76.38
19933.0,65.69,75.22,19933.0,65.61,75.7
19950.0,65.61,75.22,19950.0,65.69,75.42
19966.0,65.61,75.22,19966.0,65.61,75.42
19982.0,65.61,75.22,19982.0,65.69,75.7
20000.0,65.61,75.32,20000.0,65.69,76.28
20016.0,65.61,75.22,20016.0,65.69,77.17
20033.0,65.61,75.22,20033.0,65.76,78.19
20049.0,65.61,75.22,20049.0,65.69,79.33
20066.0,65.61,75.22,20066.0,65.69,81.06
20083.0,65.61,75.22,20083.0,65.76,82.4
20099.0,65.61,75.22,20099.0,65.76,83.56
20116.0,65.69,75.22,20116.0,65.76,84.87
20133.0,65.61,75.22,20133.0,65.69,85.6
20149.0,65.61,75.22,20149.0,65.76,86.22
20166.0,65.69,75.22,20166.0,65.76,86.22
20182.0,65.61,75.32,20182.0,65.69,85.72
20198.0,65.61,75.32,20198.0,65.69,84.63
20216.0,65.69,75.32,20216.0,65.69,83.33
20232.0,65.69,75.32,20232.0,65.69,81.17
20249.0,65.69,75.32,20249.0,65.69,79.54
20265.0,65.69,75.32,20265.0,65.69,78.08
20282.0,65.69,74.85,20282.0,65.61,77.07
20299.0,65.69,74.75,20299.0,65.61,76.38
20315.0,65.69,74.85,20315.0,65.61,76.28
20332.0,65.69,74.85,20332.0,65.54,76.48
20349.0,65.69,74.75,20349.0,65.47,76.97
20365.0,65.69,74.75,20365.0,65.69,77.47
20382.0,65.69,74.75,20382.0,65.61,78.29
20398.0,65.69,74.66,20398.0,65.47,79.76
20416.0,65.69,74.66,20416.0,65.61,81.17
20432.0,65.69,74.66,20432.0,65.54,82.63
20448.0,65.69,74.66,20448.0,65.61,84.03
20465.0,65.69,74.66,20465.0,65.69,85.36
20481.0,65.69,74.66,20481.0,65.76,86.1
20499.0,65.69,74.66,20499.0,65.76,86.72
20515.0,65.69,74.66,20515.0,65.83,86.98
20531.0,65.69,74.66,20531.0,65.91,86.72
20548.0,65.69,74.66,20548.0,65.69,85.97
20565.0,65.69,74.66,20565.0,65.69,84.87
20581.0,65.69,74.66,20581.0,65.69,82.86
20598.0,65.69,74.66,20598.0,65.69,81.17
20614.0,65.69,74.66,20614.0,65.69,79.54
20632.0,65.69,74.66,20632.0,65.61,77.68
20648.0,65.61,74.66,20648.0,65.61,76.58
20664.0,65.61,74.66,20664.0,65.69,75.99
20681.0,65.61,74.66,20681.0,65.69,75.61
20698.0,65.69,74.66,20698.0,65.69,75.8
20715.0,65.69,74.66,20715.0,65.69,76.28
20731.0,65.69,74.66,20731.0,65.76,76.88
20747.0,65.69,74.66,20747.0,65.61,77.88
20764.0,65.69,74.66,20764.0,65.61,79.02
20781.0,65.69,74.66,20781.0,65.61,80.4
20798.0,65.69,74.66,20798.0,65.61,82.4
20814.0,65.69,74.66,20814.0,65.69,83.91
20830.0,65.69,74.66,20830.0,65.69,85.23
20848.0,65.69,74.66,20848.0,65.69,86.1
20864.0,65.69,74.66,20864.0,65.69,86.35
20880.0,65.69,74.66,20880.0,65.69,85.97
20897.0,65.69,74.66,20897.0,65.61,85.11
20914.0,65.69,74.66,20914.0,65.69,83.56
20931.0,65.69,74.66,20931.0,65.61,81.95
20947.0,65.69,74.66,20947.0,65.69,80.4
20963.0,65.61,74.66,20963.0,65.61,78.7
20980.0,65.61,74.75,20980.0,65.54,76.88
20997.0,65.61,74.85,20997.0,65.61,75.8
21014.0,65.61,74.75,21014.0,65.61,75.42
21030.0,65.61,74.85,21030.0,65.69,75.61
21046.0,65.69,74.85,21046.0,65.61,76.09
21064.0,65.69,74.75,21064.0,65.61,76.68
21080.0,65.69,74.75,21080.0,65.61,77.78
21097.0,65.61,74.75,21097.0,65.61,79.54
21113.0,65.61,74.75,21113.0,65.54,81.06
21130.0,65.61,74.75,21130.0,65.54,82.75
21147.0,65.61,74.75,21147.0,65.54,84.51
21163.0,65.61,74.75,21163.0,65.61,85.36
21179.0,65.61,74.75,21179.0,65.69,85.72
21197.0,65.69,74.75,21197.0,65.69,85.72
21213.0,65.69,74.75,21213.0,65.61,85.23
21230.0,65.61,74.75,21230.0,65.54,84.63
21246.0,65.61,74.66,21246.0,65.54,83.56
21262.0,65.61,74.75,21262.0,65.54,81.73
21280.0,65.61,74.75,21280.0,65.69,79.97
21296.0,65.61,74.75,21296.0,65.69,78.29
21313.0,65.61,74.75,21313.0,65.61,76.58
21329.0,65.61,74.75,21329.0,65.69,75.9
21346.0,65.61,74.75,21346.0,65.69,75.7
21363.0,65.61,74.75,21363.0,65.61,75.99
21379.0,65.61,74.75,21379.0,65.69,76.78
21396.0,65.61,74.75,21396.0,65.69,77.68
21413.0,65.61,74.75,21413.0,65.69,79.12
21429.0,65.61,74.75,21429.0,65.61,81.28
21446.0,65.61,74.75,21446.0,65.69,83.21
21462.0,65.61,74.75,21462.0,65.69,84.87
21480.0,65.61,74.66,21480.0,65.61,85.97
21496.0,65.61,74.75,21496.0,65.69,86.35
21512.0,65.61,74.75,21512.0,65.69,86.22
21529.0,65.61,74.75,21529.0,65.76,85.97
21546.0,65.61,74.75,21546.0,65.69,85.36
21562.0,65.61,74.75,21562.0,65.69,84.63
21579.0,65.61,74.75,21579.0,65.69,83.44
21595.0,65.61,74.75,21595.0,65.69,81.39
21612.0,65.61,74.85,21612.0,65.69,79.33
21629.0,65.61,74.85,21629.0,65.69,77.27
21645.0,65.61,74.85,21645.0,65.61,75.61
21662.0,65.61,74.85,21662.0,65.69,74.66
21678.0,65.61,74.85,21678.0,65.69,74.57
21696.0,65.61,74.85,21696.0,65.61,74.47
21712.0,65.61,74.94,21712.0,65.69,74.38
21728.0,65.61,74.85,21728.0,65.69,74.38
21745.0,65.61,74.85,21745.0,65.61,74.38
21762.0,65.61,74.85,21762.0,65.61,74.38
21779.0,65.61,74.85,21779.0,65.61,74.29
21795.0,65.61,74.85,21795.0,65.69,74.38
21811.0,65.61,74.85,21811.0,65.61,74.29
21829.0,65.61,74.85,21829.0,65.61,74.29
21845.0,65.61,74.85,21845.0,65.61,74.29
21861.0,65.61,74.85,21861.0,65.69,74.38
21878.0,65.61,74.85,21878.0,65.69,74.38
21895.0,65.61,74.85,21895.0,65.69,74.38
21912.0,65.61,74.85,21912.0,65.69,74.38
21928.0,65.61,74.85,21928.0,65.69,74.38
21944.0,65.61,74.85,21944.0,65.69,74.38
21962.0,65.61,74.85,21962.0,65.69,74.38
21978.0,65.61,74.85,21978.0,65.69,74.38
21995.0,65.61,74.85,21995.0,65.61,74.38
22011.0,65.61,74.85,22011.0,65.61,74.38
22028.0,65.61,74.85,22028.0,65.69,74.38
22045.0,65.61,74.85,22045.0,65.69,74.38
22061.0,65.61,74.85,22061.0,65.61,74.38
22078.0,65.61,74.85,22078.0,65.69,74.38
22095.0,65.61,74.85,22095.0,65.61,74.38
22111.0,65.61,74.85,22111.0,65.69,74.38
22128.0,65.61,74.85,22128.0,65.61,74.38
22144.0,65.61,74.85,22144.0,65.61,74.29
22161.0,65.61,74.85,22161.0,65.61,74.1
22178.0,65.61,74.85,22178.0,65.61,74.19
22194.0,65.61,74.85,22194.0,65.69,74.19
22211.0,65.61,74.85,22211.0,65.61,74.19
22227.0,65.61,74.85,22227.0,65.61,74.19
22244.0,65.61,74.85,22244.0,65.61,74.19
22261.0,65.61,74.85,22261.0,65.69,74.19
22277.0,65.61,74.85,22277.0,65.69,74.19
22294.0,65.61,74.85,22294.0,65.69,74.19
22311.0,65.61,74.85,22311.0,65.69,74.19
22327.0,65.61,74.85,22327.0,65.61,74.19
22344.0,65.61,74.85,22344.0,65.61,74.19
22360.0,65.61,74.85,22360.0,65.61,74.19
22378.0,65.61,74.85,22378.0,65.61,74.19
22394.0,65.61,74.85,22394.0,65.54,74.19
22410.0,65.61,74.85,22410.0,65.61,74.19
22427.0,65.61,74.85,22427.0,65.69,74.1
22444.0,65.61,74.85,22444.0,65.61,74.19
22461.0,65.61,74.85,22461.0,65.69,74.1
22477.0,65.61,74.85,22477.0,65.61,74.19
22493.0,65.61,74.85,22493.0,65.69,74.19
22511.0,65.61,74.85,22511.0,65.61,74.19
22527.0,65.61,74.85,22527.0,65.61,74.19
22543.0,65.61,74.85,22543.0,65.61,74.19
22560.0,65.61,74.85,22560.0,65.69,74.19
22577.0,65.61,74.85,22577.0,65.61,74.19
22594.0,65.61,74.85,22594.0,65.61,74.19
22610.0,65.61,74.85,22610.0,65.69,74.19
22626.0,65.61,74.85,22626.0,65.61,74.1
22643.0,65.61,74.85,22643.0,65.61,74.1
22660.0,65.61,74.85,22660.0,65.61,74.19
22677.0,65.61,74.85,22677.0,65.69,74.19
22693.0,65.61,74.85,22693.0,65.69,74.1
22709.0,65.61,74.85,22709.0,65.61,74.19
22727.0,65.61,74.85,22727.0,65.61,74.1
22743.0,65.61,74.85,22743.0,65.69,74.19
22760.0,65.61,74.85,22760.0,65.69,74.19
22776.0,65.61,74.85,22776.0,65.61,74.19
22793.0,65.61,74.85,22793.0,65.61,74.1
22810.0,65.61,74.85,22810.0,65.61,74.1
22826.0,65.61,74.85,22826.0,65.61,74.1
22842.0,65.61,74.85,22842.0,65.61,74.1
22860.0,65.61,74.85,22860.0,65.61,74.1
22876.0,65.61,74.85,22876.0,65.61,74.19
22893.0,65.61,74.85,22893.0,65.61,74.19
22909.0,65.61,74.85,22909.0,65.69,74.19
22926.0,65.61,74.85,22926.0,65.69,74.19
22943.0,65.54,74.85,22943.0,65.61,74.1
22959.0,65.61,74.85,22959.0,65.69,74.1
22976.0,65.61,74.85,22976.0,65.61,74.1
22992.0,65.61,74.85,22992.0,65.69,74.1
23009.0,65.61,74.85,23009.0,65.54,74.1
23026.0,65.61,74.85,23026.0,65.69,74.1
23042.0,65.61,74.85,23042.0,65.61,74.1
23059.0,65.61,74.85,23059.0,65.61,74.1
23076.0,65.61,74.85,23076.0,65.69,74.1
23092.0,65.61,74.85,23092.0,65.61,74.1
23109.0,65.61,74.85,23109.0,65.61,74.1
23125.0,65.61,74.85,23125.0,65.61,74.1
23142.0,65.61,74.85,23142.0,65.69,74.1
23159.0,65.61,74.85,23159.0,65.69,74.19
23175.0,65.61,74.85,23175.0,65.61,74.1
23192.0,65.61,74.85,23192.0,65.61,74.1
23209.0,65.61,74.85,23209.0,65.61,74.1
23225.0,65.61,74.85,23225.0,65.61,74.1
